{
  "providers": [
    { "type": "ttf", "file": "main.ttf", "size": 10, "shift": [0, 0], "oversample": 10 },
    { "type": "ttf", "file": "thai.ttf", "size": 10, "shift": [0, 0], "oversample": 10 },
    { "type": "ttf", "file": "lao.ttf", "size": 10, "shift": [0, 0], "oversample": 10 },
    { "type": "ttf", "file": "japanese.ttf", "size": 10, "shift": [0, 0], "oversample": 10 },
    { "type": "ttf", "file": "korean.ttf", "size": 10, "shift": [0, 0], "oversample": 10 },
    { "type": "ttf", "file": "sc.ttf", "size": 10, "shift": [0, 0], "oversample": 10 },
    { "type": "ttf", "file": "tc.ttf", "size": 10, "shift": [0, 0], "oversample": 10 },
    { "type": "ttf", "file": "georgian.ttf", "size": 10, "shift": [0, 0], "oversample": 10 },
    { "type": "ttf", "file": "hebrew.ttf", "size": 10, "shift": [0, 0], "oversample": 10 },
    { "type": "ttf", "file": "arab.ttf", "size": 10, "shift": [0, 0], "oversample": 10 },
    { "type": "ttf", "file": "newa.ttf", "size": 10, "shift": [0, 0], "oversample": 10 },
    { "type": "ttf", "file": "kannada.ttf", "size": 10, "shift": [0, 0], "oversample": 10 },
    { "type": "ttf", "file": "armenian.ttf", "size": 10, "shift": [0, 0], "oversample": 10 },
    { "type": "ttf", "file": "tamil.ttf", "size": 10, "shift": [0, 0], "oversample": 10 },
    { "type": "ttf", "file": "notoemoji.ttf", "size": 10, "shift": [0, 0], "oversample": 10 }
  ]
}